INSERT INTO Users(FullName, Email, Password, Role, IsApproved) VALUES
('Rimsha Iqbal', 'rimsha.iqbal@fast.edu.pk', 'Rimsha@12', 'Student', 0),
('Saad Khalid', 'saad.khalid@fast.edu.pk', 'Saad#98', 'Student', 0),
('Humna Shahid', 'humna.shahid@fast.edu.pk', 'Humna@34', 'Student', 0),
('Fizan Malik', 'fizan.malik@fast.edu.pk', 'Fizan123$', 'Student', 0),
('Alina Riaz', 'alina.riaz@fast.edu.pk', 'Alina@56', 'Student', 0),
('Noman Tariq', 'noman.tariq@fast.edu.pk', 'Noman@77', 'Student', 0),
('Areeba Hameed', 'areeba.hameed@fast.edu.pk', 'Areeba#22', 'Student', 0),
('Tayyab Asif', 'tayyab.asif@fast.edu.pk', 'Tayyab@66', 'Student', 0),
('Hira Naveed', 'hira.naveed@fast.edu.pk', 'Hira@99', 'Student', 0),
('Shayan Zafar', 'shayan.zafar@fast.edu.pk', 'Shayan@12', 'Student', 0),
('Maham Ali', 'maham.ali@fast.edu.pk', 'Maham#45', 'Student', 0),
('Adeel Hanif', 'adeel.hanif@fast.edu.pk', 'Adeel@88', 'Student', 0),
('Tooba Anwar', 'tooba.anwar@fast.edu.pk', 'Tooba@34', 'Student', 0),
('Umar Javaid', 'umar.javaid@fast.edu.pk', 'Umar@99', 'Student', 0),
('Zoya Jamil', 'zoya.jamil@fast.edu.pk', 'Zoya123$', 'Student', 0),
('Jawad Khan', 'jawad.khan@fast.edu.pk', 'Jawad#10', 'Student', 0),
('Sahar Yousaf', 'sahar.yousaf@fast.edu.pk', 'Sahar@88', 'Student', 0),
('Sufyan Raza', 'sufyan.raza@fast.edu.pk', 'Sufyan@12', 'Student', 0),
('Nimra Shah', 'nimra.shah@fast.edu.pk', 'Nimra#77', 'Student', 0),
('Moiz Ahmad', 'moiz.ahmad@fast.edu.pk', 'Moiz@32', 'Student', 0),
('Areej Iqbal', 'areej.iqbal@fast.edu.pk', 'Areej123!', 'Student', 0),
('Kamran Qureshi', 'kamran.qureshi@fast.edu.pk', 'Kamran#65', 'Student', 0),
('Minaal Haroon', 'minaal.haroon@fast.edu.pk', 'Minaal@91', 'Student', 0),
('Adil Zaman', 'adil.zaman@fast.edu.pk', 'Adil@33', 'Student', 0),
('Nashrah Aslam', 'nashrah.aslam@fast.edu.pk', 'Nashrah#52', 'Student', 0),
('Tariq Mehmood', 'tariq.mehmood@fast.edu.pk', 'Tariq@70', 'Student', 0),
('Mehreen Khalid', 'mehreen.khalid@fast.edu.pk', 'Mehreen@45', 'Student', 0),
('Zeeshan Haider', 'zeeshan.haider@fast.edu.pk', 'Zeeshan@81', 'Student', 0),
('Amna Shahbaz', 'amna.shahbaz@fast.edu.pk', 'Amna#25', 'Student', 0),
('Farhan Rauf', 'farhan.rauf@fast.edu.pk', 'Farhan@48', 'Student', 0),
('Sundus Imran', 'sundus.imran@fast.edu.pk', 'Sundus@63', 'Student', 0),
('Kiran Javed', 'kiran.javed@fast.edu.pk', 'Kiran#11', 'Student', 0),
('Talha Junaid', 'talha.junaid@fast.edu.pk', 'Talha@73', 'Student', 0),
('Mubeen Ali', 'mubeen.ali@fast.edu.pk', 'Mubeen#66', 'Student', 0),
('Rabia Saeed', 'rabia.saeed@fast.edu.pk', 'Rabia@93', 'Student', 0),
('Tayyaba Naveed', 'tayyaba.naveed@fast.edu.pk', 'Tayyaba@85', 'Student', 0),
('Zohair Baig', 'zohair.baig@fast.edu.pk', 'Zohair@45', 'Student', 1),
('Fariha Tanveer', 'fariha.tanveer@fast.edu.pk', 'Fariha#22', 'Student', 1),
('Shayan Rehman', 'shayan.rehman@fast.edu.pk', 'Shayan@77', 'Student', 1),
('Iqra Saleem', 'iqra.saleem@fast.edu.pk', 'Iqra@89', 'Student', 1),
('Asma Khalil', 'asma.khalil@fast.edu.pk', 'Asma@98', 'Student', 1),
('Taimoor Aziz', 'taimoor.aziz@fast.edu.pk', 'Taimoor#33', 'Student', 1),
('Aqsa Mubeen', 'aqsa.mubeen@fast.edu.pk', 'Aqsa@65', 'Student', 1),
('Hassan Shabbir', 'hassan.shabbir@fast.edu.pk', 'Hassan@29', 'Student', 1),
('Emaan Riaz', 'emaan.riaz@fast.edu.pk', 'Emaan@12', 'Student', 1),
('Raza Khalid', 'raza.khalid@fast.edu.pk', 'Raza#40', 'Student', 1),
('Sania Mehmood', 'sania.mehmood@fast.edu.pk', 'Sania@72', 'Student', 1),
('Ammar Hanif', 'ammar.hanif@fast.edu.pk', 'Ammar#19', 'Student', 1),
('Afshan Noor', 'afshan.noor@fast.edu.pk', 'Afshan@78', 'Student', 1),
('Basit Qamar', 'basit.qamar@fast.edu.pk', 'Basit#90', 'Student', 1),
('Maham Yousaf', 'maham.yousaf@fast.edu.pk', 'Maham@11', 'Student', 1),
('Zainab Shah', 'zainab.shah@fast.edu.pk', 'Zainab@88', 'Student', 1),
('Ibrahim Tariq', 'ibrahim.tariq@fast.edu.pk', 'Ibrahim#76', 'Student', 1),
('Nida Zafar', 'nida.zafar@fast.edu.pk', 'Nida@98', 'Student', 1),
('Osama Naveed', 'osama.naveed@fast.edu.pk', 'Osama@45', 'Student', 1),
('Hania Asim', 'hania.asim@fast.edu.pk', 'Hania#24', 'Student', 1),
('Rauf Baig', 'rauf.baig@fast.edu.pk', 'Rauf@58', 'Student', 1),
('Sidra Khalid', 'sidra.khalid@fast.edu.pk', 'Sidra@17', 'Student', 1),
('Arsalan Sheikh', 'arsalan.sheikh@fast.edu.pk', 'Arsalan@80', 'Student', 1),
('Laraib Farooq', 'laraib.farooq@fast.edu.pk', 'Laraib#10', 'Student', 1),
('Bushra Tariq', 'bushra.tariq@fast.edu.pk', 'Bushra@60', 'Student', 1),
('Ali Khan', 'ali.khan@fast.edu.pk', 'Ali@1234', 'Student', 1),
('Ayesha Malik', 'ayesha.malik@fast.edu.pk', 'Ayes123!', 'Student', 1),
('Zain Ahmed', 'zain.ahmed@fast.edu.pk', 'Zain@321', 'Student', 1),
('Fatima Butt', 'fatima.butt@fast.edu.pk', 'Fatima#12', 'Student', 1),
('Usman Tariq', 'usman.tariq@fast.edu.pk', 'Usman@123', 'Student', 1),
('Sara Javed', 'sara.javed@fast.edu.pk', 'Sara123$', 'Student', 1),
('Hassan Raza', 'hassan.raza@fast.edu.pk', 'Hassan#22', 'Student', 1),
('Mariam Shah', 'mariam.shah@fast.edu.pk', 'Mariam@89', 'Student', 1),
('Bilal Sheikh', 'bilal.sheikh@fast.edu.pk', 'Bilal@56', 'Recruiter', 1),
('Noor Fatima', 'noor.fatima@fast.edu.pk', 'Noor#321', 'Student', 1),
('Omer Siddiqui', 'omer.siddiqui@fast.edu.pk', 'Omer@111', 'Student', 1),
('Hina Rizwan', 'hina.rizwan@fast.edu.pk', 'Hina123!', 'Student', 1),
('Daniyal Qureshi', 'daniyal.qureshi@fast.edu.pk', 'Dani@987', 'Student', 1),
('Laiba Saeed', 'laiba.saeed@fast.edu.pk', 'Laiba@44', 'Student', 1),
('Taha Baig', 'taha.baig@fast.edu.pk', 'Taha@56', 'Student', 1),
('Nida Farooq', 'nida.farooq@fast.edu.pk', 'Nida#33', 'Recruiter', 1),
('Ahmed Noman', 'ahmed.noman@fast.edu.pk', 'Ahmed@22', 'Student', 1),
('Iqra Hanif', 'iqra.hanif@fast.edu.pk', 'Iqra123$', 'Recruiter', 1),
('Sameer Anwar', 'sameer.anwar@fast.edu.pk', 'Sameer@77', 'Student', 1),
('Mehwish Zafar', 'mehwish.zafar@fast.edu.pk', 'Mehwish#88', 'Student', 1),
('Imran Saleem', 'imran.saleem@fast.edu.pk', 'Imran@66', 'Student', 1),
('Zara Khalid', 'zara.khalid@fast.edu.pk', 'Zara123$', 'Student', 1),
('Hamza Aslam', 'hamza.aslam@fast.edu.pk', 'Hamza#90', 'Student', 1),
('Anum Rehman', 'anum.rehman@fast.edu.pk', 'Anum@78', 'Recruiter', 1),
('Shahbaz Mir', 'shahbaz.mir@fast.edu.pk', 'Shahbaz@55', 'Recruiter', 1),
('Sana Riaz', 'sana.riaz@fast.edu.pk', 'Sana@21', 'Recruiter', 1),
('Kashif Ali', 'kashif.ali@fast.edu.pk', 'Kashif#88', 'Recruiter', 1),
('Neha Ahmed', 'neha.ahmed@fast.edu.pk', 'Neha@31', 'Student', 1),
('Waleed Iqbal', 'waleed.iqbal@fast.edu.pk', 'Waleed@47', 'Student', 1),
('Hafsa Naveed', 'hafsa.naveed@fast.edu.pk', 'Hafsa123!', 'Recruiter', 1),
('Fahad Shahid', 'fahad.shahid@fast.edu.pk', 'Fahad#99', 'Student', 1),
('Sadia Tariq', 'sadia.tariq@fast.edu.pk', 'Sadia@76', 'Student', 1),
('Rehan Jameel', 'rehan.jameel@fast.edu.pk', 'Rehan@12', 'Student', 1),
('Mahnoor Aftab', 'mahnoor.aftab@fast.edu.pk', 'Mahnoor#55', 'Student', 1),
('Asad Ullah', 'asad.ullah@fast.edu.pk', 'Asad@98', 'Student', 1),
('Tania Khursheed', 'tania.khursheed@fast.edu.pk', 'Tania@21', 'Student', 1),
('Rayan Shahbaz', 'rayan.shahbaz@fast.edu.pk', 'Rayan#44', 'Student', 1),
('Eman Saleem', 'eman.saleem@fast.edu.pk', 'Eman123$', 'Student', 1),
('Yasir Mehmood', 'yasir.mehmood@fast.edu.pk', 'Yasir@01', 'Student', 1),
('Saad Raza', 'saad.raza@fast.edu.pk', 'Saad@123', 'Coordinator', 1),
('Mariam Iqbal', 'mariam.iqbal@fast.edu.pk', 'Mariam@123', 'Coordinator', 1),
('Fahad Zia', 'fahad.zia@fast.edu.pk', 'Fahad@123', 'Coordinator', 1),
('Areeba Khan', 'areeba.khan@fast.edu.pk', 'Areeba@123', 'Coordinator', 1),
('Talha Ahmed', 'talha.ahmed@fast.edu.pk', 'Talha@123', 'Coordinator', 1);


INSERT INTO Students (StudentID, UserID, FAST_ID, DegreeProgram, CurrentSemester, GPA) VALUES
(1, 1, '23I-1001', 'AI', 6, 3.28),
(2, 2, '23I-1002', 'AI', 4, 2.95),
(3, 3, '23I-1003', 'DS', 3, 2.63),
(4, 4, '23I-1004', 'AI', 3, 3.50),
(5, 5, '23I-1005', 'DS', 3, 3.51),
(6, 6, '23I-1006', 'AI', 6, 2.03),
(7, 7, '23I-1007', 'AI', 4, 3.26),
(8, 8, '23I-1008', 'CS', 6, 3.75),
(9, 9, '23I-1009', 'AI', 3, 2.67),
(10, 10, '23I-1010', 'DS', 8, 3.75),
(11, 11, '23I-1011', 'AI', 3, 3.11),
(12, 12, '23I-1012', 'CS', 6, 3.70),
(13, 13, '23I-1013', 'CS', 8, 3.04),
(14, 14, '23I-1014', 'CS', 4, 2.20),
(15, 15, '23I-1015', 'SE', 4, 3.92),
(16, 16, '23I-1016', 'AI', 7, 2.41),
(17, 17, '23I-1017', 'SE', 4, 3.66),
(18, 18, '23I-1018', 'DS', 7, 3.13),
(19, 19, '23I-1019', 'AI', 7, 3.87),
(20, 20, '23I-1020', 'AI', 7, 3.32),
(21, 21, '23I-1021', 'CS', 4, 3.17),
(22, 22, '23I-1022', 'SE', 7, 2.95),
(23, 23, '23I-1023', 'CS', 8, 3.15),
(24, 24, '23I-1024', 'DS', 3, 3.14),
(25, 25, '23I-1025', 'AI', 6, 3.09),
(26, 26, '23I-1026', 'SE', 4, 3.78),
(27, 27, '23I-1027', 'SE', 6, 2.86),
(28, 28, '23I-1028', 'DS', 2, 3.31),
(29, 29, '23I-1029', 'DS', 1, 2.91),
(30, 30, '23I-1030', 'AI', 8, 2.79),
(31, 31, '23I-1031', 'CS', 4, 3.60),
(32, 32, '23I-1032', 'CS', 5, 3.19),
(33, 33, '23I-1033', 'AI', 4, 2.47),
(34, 34, '23I-1034', 'DS', 2, 3.84),
(35, 35, '23I-1035', 'SE', 1, 2.69),
(36, 36, '23I-1036', 'SE', 7, 3.48),
(37, 37, '23I-1037', 'CS', 6, 2.95),
(38, 38, '23I-1038', 'SE', 3, 3.01),
(39, 39, '23I-1039', 'SE', 6, 3.72),
(40, 40, '23I-1040', 'SE', 2, 3.25),
(41, 41, '23I-1041', 'AI', 6, 3.13),
(42, 42, '23I-1042', 'CS', 4, 3.49),
(43, 43, '23I-1043', 'SE', 3, 2.59),
(44, 44, '23I-1044', 'DS', 6, 3.67),
(45, 45, '23I-1045', 'DS', 5, 3.06),
(46, 46, '23I-1046', 'DS', 4, 3.71),
(47, 47, '23I-1047', 'SE', 7, 3.61),
(48, 48, '23I-1048', 'AI', 2, 2.93),
(49, 49, '23I-1049', 'CS', 6, 2.82),
(50, 50, '23I-1050', 'SE', 5, 3.59),
(51, 51, '23I-1051', 'CS', 1, 2.92),
(52, 52, '23I-1052', 'SE', 8, 2.73),
(53, 53, '23I-1053', 'AI', 6, 3.28),
(54, 54, '23I-1054', 'DS', 5, 3.23),
(55, 55, '23I-1055', 'DS', 1, 3.45),
(56, 56, '23I-1056', 'CS', 5, 3.69),
(57, 57, '23I-1057', 'AI', 8, 2.44),
(58, 58, '23I-1058', 'SE', 3, 3.33),
(59, 59, '23I-1059', 'AI', 7, 3.51),
(60, 60, '23I-1060', 'DS', 8, 3.77),
(61, 61, '23I-1061', 'DS', 4, 2.95),
(62, 62, '23I-1062', 'AI', 7, 3.62),
(63, 63, '23I-1063', 'CS', 3, 3.11),
(64, 64, '23I-1064', 'DS', 1, 2.58),
(65, 65, '23I-1065', 'SE', 2, 3.69),
(66, 66, '23I-1066', 'CS', 5, 3.02),
(67, 67, '23I-1067', 'AI', 4, 3.58),
(68, 68, '23I-1068', 'AI', 3, 2.72),
(69, 69, '23I-1069', 'CS', 3, 3.21),
(70, 70, '23I-1070', 'DS', 6, 3.41),
(71, 71, '23I-1071', 'AI', 7, 3.77),
(72, 72, '23I-1072', 'CS', 4, 3.50),
(73, 73, '23I-1073', 'AI', 5, 3.28),
(74, 74, '23I-1074', 'CS', 2, 3.10),
(75, 75, '23I-1075', 'DS', 3, 3.39),
(76, 76, '23I-1076', 'SE', 2, 3.76),
(77, 77, '23I-1077', 'CS', 7, 3.57),
(78, 78, '23I-1078', 'DS', 4, 3.36),
(79, 79, '23I-1079', 'SE', 5, 3.34),
(80, 80, '23I-1080', 'AI', 8, 3.40);

-- COMPANIES
INSERT INTO Companies (CompanyName, Sector, Location) VALUES
('Systems Ltd', 'IT', 'Lahore'),
('NETSOL Technologies', 'IT', 'Lahore'),
('10Pearls', 'IT', 'Karachi'),
('Afiniti', 'AI', 'Islamabad'),
('Careem', 'Transport', 'Karachi'),
('Bazaar Technologies', 'E-Commerce', 'Karachi'),
('Dastgyr', 'E-Commerce', 'Lahore'),
('Bykea', 'Logistics', 'Karachi'),
('Rozee.pk', 'Recruitment', 'Lahore'),
('PakWheels', 'Automotive', 'Lahore'),
('Techlogix', 'IT', 'Lahore'),
('Arbisoft', 'IT', 'Lahore'),
('Contour Software', 'Software', 'Karachi'),
('Tkxel', 'IT', 'Lahore'),
('CureMD', 'Healthcare IT', 'Lahore'),
('Zameen.com', 'Real Estate', 'Lahore'),
('Fiverr', 'Freelancing', 'Karachi'),
('KeepTruckin', 'Logistics', 'Islamabad'),
('Ovex Technologies', 'IT', 'Islamabad'),
('QisstPay', 'Fintech', 'Islamabad');

INSERT INTO Companies (CompanyName, Sector, Location) VALUES
('baadmay' , 'Financial', 'Sukkur'),
('BlueGun' , 'SmartPhones' , 'Karachi');

INSERT INTO Recruiters (RecruiterID, UserID, CompanyID) VALUES
(1, 81, 1),
(2, 82, 2),
(3, 83, 3),
(4, 84, 4),
(5, 85, 5),
(6, 86, 6),
(7, 87, 7),
(8, 88, 8),
(9, 89, 9),
(10, 90, 10),
(11, 91, 11),
(12, 92, 12),
(13, 93, 13),
(14, 94, 14),
(15, 95, 15),
(16, 96, 16),
(17, 97, 17),
(18, 98, 18),
(19, 99, 19),
(20, 100, 20);

-- JOB FAIR EVENTS
INSERT INTO JobFairEvents (EventTitle, EventDate, StartTime, EndTime, Venue) VALUES
('FAST Job Fair 1', '2025-04-05', '10:00', '15:00', 'Main Hall'),
('FAST Job Fair 2', '2025-04-08', '10:00', '15:00', 'Auditorium'),
('FAST Job Fair 3', '2025-04-11', '10:00', '15:00', 'Seminar Room'),
('FAST Job Fair 4', '2025-04-14', '10:00', '15:00', 'Main Hall'),
('FAST Job Fair 5', '2025-04-17', '10:00', '15:00', 'Auditorium'),
('FAST Job Fair 6', '2025-04-18', '10:00', '15:00', 'OneStopOffice'),
('FAST Job Fair 7', '2025-04-19', '10:00', '15:00', 'D Block Rom D-405');

-- JOB POSTINGS
INSERT INTO JobPostings (CompanyID, JobTitle, JobType, SalaryRange, RequiredSkills, Description) VALUES
(1, 'Software Engineer Intern', 'Internship', '30k–50k', 'Java, SQL', 'Assist in software development tasks.'),
(2, 'Data Analyst', 'Full-time', '80k–120k', 'Python, Excel, PowerBI', 'Analyze datasets for insights.'),
(3, 'Mobile App Developer', 'Internship', '35k–45k', 'Flutter, Firebase', 'Build cross-platform apps.'),
(4, 'Backend Developer', 'Full-time', '100k–150k', 'Node.js, MongoDB', 'API development and integration.'),
(5, 'Machine Learning Intern', 'Internship', '40k–60k', 'Python, Scikit-learn', 'ML model training and testing.'),
(6, 'Cybersecurity Analyst', 'Full-time', '110k–160k', 'Networking, Firewalls', 'Protect system infrastructure.'),
(7, 'Frontend Developer', 'Internship', '30k–40k', 'HTML, CSS, JS', 'Web design and UI improvements.'),
(8, 'Project Coordinator', 'Full-time', '90k–130k', 'PM tools, Communication', 'Coordinate project teams.'),
(9, 'Cloud Engineer', 'Full-time', '120k–180k', 'AWS, Docker, Kubernetes', 'Deploy scalable apps.'),
(10, 'DevOps Intern', 'Internship', '35k–50k', 'Linux, Jenkins', 'Support CI/CD pipelines.'),
(11, 'SEO Specialist', 'Full-time', '60k–90k', 'SEO, Analytics', 'Boost web presence.'),
(12, 'UX/UI Designer', 'Internship', '40k–55k', 'Figma, Adobe XD', 'Design modern interfaces.'),
(13, 'Software Quality Engineer', 'Full-time', '100k–140k', 'Testing, Automation', 'Ensure software quality.'),
(14, 'Database Administrator', 'Full-time', '110k–160k', 'SQL Server, Oracle', 'Maintain DBs.'),
(15, 'Content Writer', 'Internship', '25k–35k', 'Writing, Research', 'Assist in creating content.'),
(16, 'HR Officer', 'Full-time', '80k–100k', 'Recruitment, HR Tools', 'Manage recruitment cycle.'),
(17, 'Technical Support Engineer', 'Full-time', '75k–95k', 'Troubleshooting, Support', 'Handle client issues.'),
(18, 'Marketing Intern', 'Internship', '30k–40k', 'Social Media, Design', 'Support marketing campaigns.'),
(19, 'AI Research Assistant', 'Internship', '45k–60k', 'Python, NLP', 'Work with AI team.'),
(20, 'Full Stack Developer', 'Full-time', '130k–190k', 'MERN Stack', 'Build full-stack solutions.'),
(1, 'Graphic Designer', 'Internship', '30k–45k', 'Photoshop, Illustrator', 'Create graphics for campaigns.'),
(2, 'Business Analyst', 'Full-time', '90k–120k', 'BI Tools, Analysis', 'Translate business needs.'),
(3, 'RPA Developer', 'Full-time', '100k–140k', 'UIPath, Automation', 'Automate business processes.'),
(4, 'AI Model Tester', 'Internship', '35k–50k', 'ML Testing', 'Evaluate ML models.'),
(5, 'Sales Executive', 'Full-time', '80k–100k', 'CRM, Communication', 'Manage B2B sales.'),
(6, 'IT Support Intern', 'Internship', '25k–30k', 'Helpdesk Tools', 'Assist IT staff.'),
(7, 'Penetration Tester', 'Full-time', '120k–170k', 'Ethical Hacking', 'Conduct security audits.'),
(8, 'Product Manager', 'Full-time', '150k–200k', 'Agile, Communication', 'Drive product vision.'),
(9, 'QA Intern', 'Internship', '30k–40k', 'Manual Testing', 'Test app functionality.'),
(10, 'Data Engineer', 'Full-time', '140k–180k', 'ETL, Big Data', 'Manage data pipelines.');


INSERT INTO Interviews (ApplicationID, InterviewDate, StartTime, EndTime, InterviewResult) VALUES
(1, '2025-04-06', '10:00', '10:30', 'Selected'),
(2, '2025-04-07', '11:00', '11:30', 'Pending'),
(3, '2025-04-07', '12:00', '12:30', 'Rejected'),
(4, '2025-04-08', '10:30', '11:00', 'Selected'),
(5, '2025-04-08', '11:30', '12:00', 'Pending'),
(6, '2025-04-09', '12:30', '13:00', 'Selected'),
(7, '2025-04-10', '10:00', '10:30', 'Rejected'),
(8, '2025-04-10', '11:00', '11:30', 'Selected'),
(9, '2025-04-11', '10:00', '10:30', 'Pending'),
(10, '2025-04-11', '11:30', '12:00', 'Selected'),
(11, '2025-04-12', '12:30', '13:00', 'Pending'),
(12, '2025-04-13', '10:30', '11:00', 'Selected'),
(13, '2025-04-13', '11:00', '11:30', 'Rejected'),
(14, '2025-04-14', '12:00', '12:30', 'Selected'),
(15, '2025-04-15', '10:00', '10:30', 'Pending'),
(16, '2025-04-15', '11:00', '11:30', 'Selected'),
(17, '2025-04-16', '12:00', '12:30', 'Pending'),
(18, '2025-04-16', '13:00', '13:30', 'Rejected'),
(19, '2025-04-17', '10:00', '10:30', 'Pending'),
(20, '2025-04-17', '11:00', '11:30', 'Selected'),
(21, '2025-04-18', '12:00', '12:30', 'Pending'),
(22, '2025-04-18', '13:00', '13:30', 'Rejected'),
(23, '2025-04-19', '10:00', '10:30', 'Selected'),
(24, '2025-04-19', '11:00', '11:30', 'Selected'),
(25, '2025-04-20', '12:00', '12:30', 'Pending'),
(26, '2025-04-20', '13:00', '13:30', 'Rejected'),
(27, '2025-04-21', '10:00', '10:30', 'Selected'),
(28, '2025-04-21', '11:00', '11:30', 'Pending'),
(29, '2025-04-22', '12:00', '12:30', 'Rejected'),
(30, '2025-04-22', '13:00', '13:30', 'Selected'),
(31, '2025-04-23', '10:00', '10:30', 'Selected'),
(32, '2025-04-23', '11:00', '11:30', 'Pending'),
(33, '2025-04-24', '12:00', '12:30', 'Rejected'),
(34, '2025-04-24', '13:00', '13:30', 'Selected'),
(35, '2025-04-25', '10:00', '10:30', 'Rejected'),
(36, '2025-04-25', '11:00', '11:30', 'Selected'),
(37, '2025-04-26', '12:00', '12:30', 'Pending'),
(38, '2025-04-26', '13:00', '13:30', 'Rejected'),
(39, '2025-04-27', '10:00', '10:30', 'Selected'),
(40, '2025-04-27', '11:00', '11:30', 'Pending'),
(41, '2025-04-28', '12:00', '12:30', 'Selected'),
(42, '2025-04-28', '13:00', '13:30', 'Rejected'),
(43, '2025-04-29', '10:00', '10:30', 'Selected'),
(44, '2025-04-29', '11:00', '11:30', 'Pending'),
(45, '2025-04-30', '12:00', '12:30', 'Rejected'),
(46, '2025-04-30', '13:00', '13:30', 'Selected'),
(47, '2025-05-01', '10:00', '10:30', 'Pending'),
(48, '2025-05-01', '11:00', '11:30', 'Selected'),
(49, '2025-05-02', '12:00', '12:30', 'Pending'),
(50, '2025-05-02', '13:00', '13:30', 'Rejected'),
(51, '2025-05-03', '10:00', '10:30', 'Selected'),
(52, '2025-05-03', '11:00', '11:30', 'Pending'),
(53, '2025-05-04', '12:00', '12:30', 'Selected'),
(54, '2025-05-04', '13:00', '13:30', 'Rejected'),
(55, '2025-05-05', '10:00', '10:30', 'Pending'),
(56, '2025-05-05', '11:00', '11:30', 'Selected'),
(57, '2025-05-06', '12:00', '12:30', 'Pending'),
(58, '2025-05-06', '13:00', '13:30', 'Rejected'),
(59, '2025-05-07', '10:00', '10:30', 'Selected'),
(60, '2025-05-07', '11:00', '11:30', 'Selected'),
(61, '2025-05-08', '12:00', '12:30', 'Pending'),
(62, '2025-05-08', '13:00', '13:30', 'Rejected'),
(63, '2025-05-09', '10:00', '10:30', 'Selected'),
(64, '2025-05-09', '11:00', '11:30', 'Pending'),
(65, '2025-05-10', '12:00', '12:30', 'Selected'),
(66, '2025-05-10', '13:00', '13:30', 'Rejected'),
(67, '2025-05-11', '10:00', '10:30', 'Pending'),
(68, '2025-05-11', '11:00', '11:30', 'Selected'),
(69, '2025-05-12', '12:00', '12:30', 'Rejected'),
(70, '2025-05-12', '13:00', '13:30', 'Pending'),
(71, '2025-05-13', '10:00', '10:30', 'Selected'),
(72, '2025-05-13', '11:00', '11:30', 'Rejected'),
(73, '2025-05-14', '12:00', '12:30', 'Pending'),
(74, '2025-05-14', '13:00', '13:30', 'Selected'),
(75, '2025-05-15', '10:00', '10:30', 'Pending'),
(76, '2025-05-15', '11:00', '11:30', 'Rejected'),
(77, '2025-05-16', '12:00', '12:30', 'Selected'),
(78, '2025-05-16', '13:00', '13:30', 'Pending'),
(79, '2025-05-17', '10:00', '10:30', 'Selected'),
(80, '2025-05-17', '11:00', '11:30', 'Rejected');


INSERT INTO Applications (StudentID, JobID, ApplicationStatus) VALUES
(1, 1, 'Pending'),
(2, 2, 'Shortlisted'),
(3, 3, 'Pending'),
(4, 4, 'Rejected'),
(5, 5, 'Offered'),
(6, 6, 'Pending'),
(7, 7, 'Pending'),
(8, 8, 'Shortlisted'),
(9, 9, 'Pending'),
(10, 10, 'Rejected'),
(11, 11, 'Pending'),
(12, 12, 'Shortlisted'),
(13, 13, 'Offered'),
(14, 14, 'Rejected'),
(15, 15, 'Pending'),
(16, 16, 'Shortlisted'),
(17, 17, 'Offered'),
(18, 18, 'Pending'),
(19, 19, 'Rejected'),
(20, 20, 'Pending'),
(21, 21, 'Shortlisted'),
(22, 22, 'Pending'),
(23, 23, 'Rejected'),
(24, 24, 'Offered'),
(25, 25, 'Pending'),
(26, 26, 'Shortlisted'),
(27, 27, 'Pending'),
(28, 28, 'Rejected'),
(29, 29, 'Offered'),
(30, 30, 'Pending'),
(31, 31, 'Shortlisted'),
(32, 32, 'Rejected'),
(33, 33, 'Pending'),
(34, 34, 'Offered'),
(35, 35, 'Shortlisted'),
(36, 36, 'Pending'),
(37, 37, 'Rejected'),
(38, 38, 'Pending'),
(39, 39, 'Shortlisted'),
(40, 40, 'Offered'),
(41, 41, 'Pending'),
(42, 42, 'Rejected'),
(43, 43, 'Shortlisted'),
(44, 44, 'Offered'),
(45, 45, 'Pending'),
(46, 46, 'Pending'),
(47, 47, 'Rejected'),
(48, 48, 'Shortlisted'),
(49, 49, 'Offered'),
(50, 50, 'Pending'),
(51, 51, 'Shortlisted'),
(52, 52, 'Rejected'),
(53, 53, 'Pending'),
(54, 54, 'Offered'),
(55, 55, 'Shortlisted'),
(56, 56, 'Rejected'),
(57, 57, 'Pending'),
(58, 58, 'Shortlisted'),
(59, 59, 'Offered'),
(60, 60, 'Rejected'),
(61, 61, 'Pending'),
(62, 62, 'Shortlisted'),
(63, 63, 'Rejected'),
(64, 64, 'Offered'),
(65, 65, 'Pending'),
(66, 66, 'Shortlisted'),
(67, 67, 'Offered'),
(68, 68, 'Rejected'),
(69, 69, 'Pending'),
(70, 70, 'Shortlisted'),
(71, 71, 'Pending'),
(72, 72, 'Rejected'),
(73, 73, 'Offered'),
(74, 74, 'Pending'),
(75, 75, 'Shortlisted'),
(76, 76, 'Rejected'),
(77, 77, 'Pending'),
(78, 78, 'Offered'),
(79, 79, 'Shortlisted'),
(80, 80, 'Pending'),
(81, 81, 'Rejected'),
(82, 82, 'Pending'),
(83, 83, 'Offered'),
(84, 84, 'Shortlisted'),
(85, 85, 'Pending'),
(86, 86, 'Rejected'),
(87, 87, 'Shortlisted'),
(88, 88, 'Offered'),
(89, 89, 'Pending'),
(90, 90, 'Shortlisted'),
(91, 91, 'Rejected'),
(92, 92, 'Pending'),
(93, 93, 'Offered'),
(94, 94, 'Shortlisted'),
(95, 95, 'Pending'),
(96, 96, 'Rejected'),
(97, 97, 'Shortlisted'),
(98, 98, 'Offered'),
(99, 99, 'Pending'),
(100, 100, 'Rejected'),
(101, 101, 'Shortlisted'),
(102, 102, 'Pending'),
(103, 103, 'Offered'),
(104, 104, 'Rejected'),
(105, 105, 'Pending'),
(106, 106, 'Shortlisted'),
(107, 107, 'Pending'),
(108, 108, 'Rejected'),
(109, 109, 'Offered'),
(110, 110, 'Pending'),
(111, 111, 'Shortlisted'),
(112, 112, 'Rejected'),
(113, 113, 'Pending'),
(114, 114, 'Offered'),
(115, 115, 'Shortlisted'),
(116, 116, 'Pending'),
(117, 117, 'Rejected'),
(118, 118, 'Offered'),
(119, 119, 'Pending'),
(120, 120, 'Shortlisted');


-- REVIEWS
INSERT INTO Reviews (StudentID, RecruiterID, InterviewID, Rating, Comments) VALUES
(1, 1, 1, 4, 'Very friendly and clear communication.'),
(2, 2, 2, 5, 'Great experience, felt welcomed.'),
(3, 3, 3, 3, 'Average interview, could have been better.'),
(4, 4, 4, 4, 'Well-structured questions.'),
(5, 5, 5, 5, 'Impressive company setup!'),
(6, 6, 6, 2, 'Too technical, no introduction.'),
(7, 7, 7, 3, 'It was fine overall.'),
(8, 8, 8, 4, 'Good vibe, positive panel.'),
(9, 9, 9, 5, 'I want to work here!'),
(10, 10, 10, 4, 'Neat and professional process.'),
(11, 11, 11, 3, 'Mixed feelings.'),
(12, 12, 12, 5, 'Awesome experience.'),
(13, 13, 13, 4, 'Technically strong session.'),
(14, 14, 14, 3, 'Average.'),
(15, 15, 15, 2, 'Didn’t feel comfortable.'),
(16, 16, 16, 4, 'Would recommend!'),
(17, 17, 17, 3, 'It was okay.'),
(18, 18, 18, 4, 'Great people.'),
(19, 19, 19, 5, 'Flawless!'),
(20, 20, 20, 4, 'Well planned.');

-- SKILLS
INSERT INTO Skills (SkillName) VALUES
('Java'), ('Python'), ('SQL'), ('HTML'), ('CSS'),
('JavaScript'), ('C++'), ('C#'), ('Node.js'), ('React'),
('Angular'), ('Flutter'), ('Kotlin'), ('Power BI'), ('Excel'),
('Firebase'), ('AWS'), ('Docker'), ('Linux'), ('Figma');


INSERT INTO Certifications (StudentID, Title, IssuedBy, IssueDate) VALUES
(1, 'Python for Data Science', 'Coursera', '2023-08-01'),
(2, 'Web Dev Bootcamp', 'Udemy', '2023-07-15'),
(3, 'SQL Expert', 'Oracle', '2022-09-10'),
(4, 'AWS Cloud Practitioner', 'Amazon', '2023-01-05'),
(5, 'Java Fundamentals', 'EdX', '2023-03-22'),
(6, 'Intro to Cybersecurity', 'Cisco', '2023-02-12'),
(7, 'DevOps Essentials', 'Linux Foundation', '2022-12-01'),
(8, 'UI/UX Design', 'Coursera', '2023-04-17'),
(9, 'Flutter Mobile Dev', 'Google', '2023-05-08'),
(10, 'Big Data Analytics', 'IBM', '2023-06-10'),
(11, 'React Frontend Dev', 'Meta', '2023-06-18'),
(12, 'Data Structures in C++', 'Udemy', '2022-11-14'),
(13, 'Machine Learning', 'Coursera', '2023-03-11'),
(14, 'Database Design', 'Oracle', '2023-05-03'),
(15, 'Cybersecurity Essentials', 'Cisco', '2022-08-25'),
(16, 'Cloud Engineering', 'Google', '2023-02-20'),
(17, 'Kubernetes for Beginners', 'Udacity', '2023-07-29'),
(18, 'Software Testing', 'EdX', '2023-01-19'),
(19, 'HTML & CSS Mastery', 'FreeCodeCamp', '2022-10-30'),
(20, 'Agile with Scrum', 'Atlassian', '2023-04-05'),
(21, 'Networking Basics', 'Cisco', '2022-12-20'),
(22, 'JavaScript Algorithms', 'FreeCodeCamp', '2023-01-12'),
(23, 'Artificial Intelligence', 'MITx', '2023-05-15'),
(24, 'Linux Command Line', 'Udemy', '2022-11-01'),
(25, 'Ethical Hacking', 'EC-Council', '2023-03-27'),
(26, 'Mobile App Security', 'Google', '2023-02-28'),
(27, 'Advanced Excel', 'LinkedIn Learning', '2023-06-25'),
(28, 'PHP & MySQL', 'Udemy', '2022-09-19'),
(29, 'Data Science Toolbox', 'Coursera', '2023-07-07'),
(30, 'TypeScript Crash Course', 'Codecademy', '2023-01-30'),
(31, 'Computer Vision', 'Stanford Online', '2023-03-09'),
(32, 'Docker Mastery', 'Udemy', '2023-06-01'),
(33, 'CI/CD Pipelines', 'Pluralsight', '2022-12-05'),
(34, 'AI for Everyone', 'Coursera', '2023-08-02'),
(35, 'Selenium Testing', 'Test Automation U', '2023-05-13'),
(36, 'TensorFlow Developer', 'Google', '2023-04-11'),
(37, 'Responsive Web Design', 'FreeCodeCamp', '2022-10-04'),
(38, 'SQL for Data Science', 'Coursera', '2023-06-21'),
(39, 'Object-Oriented Python', 'EdX', '2023-07-04'),
(40, 'Security Analyst', 'IBM', '2023-03-04'),
(41, 'RESTful APIs with Node.js', 'Udemy', '2023-05-20'),
(42, 'Cloud DevOps Engineer', 'AWS', '2023-04-26'),
(43, 'Python Scripting', 'LinkedIn Learning', '2023-02-10'),
(44, 'Intro to Blockchain', 'Coursera', '2023-01-16'),
(45, 'Unity Game Dev', 'Unity Learn', '2022-12-11'),
(46, 'Natural Language Processing', 'Stanford Online', '2023-06-08'),
(47, 'Ruby on Rails', 'Codecademy', '2022-11-09'),
(48, 'DevSecOps Fundamentals', 'Linux Foundation', '2023-02-03'),
(49, 'Applied Data Science', 'IBM', '2023-05-29'),
(50, 'Machine Learning Ops', 'Datacamp', '2023-07-01');




-- BOOTH COORDINATORS
INSERT INTO BoothCoordinators (CoordinatorID, UserID, AssignedFairID) VALUES
(1, 101, 1),
(2, 102, 2),
(3, 103, 3),
(4, 104, 4),
(5, 105, 5);

-- BOOTH VISITS
INSERT INTO BoothVisits (StudentID, CompanyID, JobFairID, CheckInTime) VALUES
(1, 1, 1, '2025-04-05 10:15:00'),
(2, 2, 1, '2025-04-05 10:20:00'),
(3, 3, 2, '2025-04-08 11:10:00'),
(4, 4, 2, '2025-04-08 11:15:00'),
(5, 5, 3, '2025-04-11 10:45:00'),
(6, 6, 3, '2025-04-11 11:00:00'),
(7, 7, 4, '2025-04-14 10:25:00'),
(8, 8, 5, '2025-04-17 10:50:00'),
(9, 9, 5, '2025-04-17 11:30:00'),
(10, 10, 5, '2025-04-17 11:45:00');


-- STUDENTSKILLS
INSERT INTO StudentSkills (StudentID, SkillID) VALUES
(1, 1), (1, 3), (2, 2), (2, 5), (3, 4),
(4, 6), (5, 1), (5, 2), (6, 3), (6, 7),
(7, 1), (8, 2), (9, 4), (10, 5), (11, 6),
(12, 7), (13, 8), (14, 9), (15, 10), (16, 11),
(17, 12), (18, 13), (19, 14), (20, 15), (21, 16),
(22, 17), (23, 18), (24, 19), (25, 20), (26, 1),
(27, 2), (28, 3), (29, 4), (30, 5), (31, 6),
(32, 7), (33, 8), (34, 9), (35, 10), (36, 11),
(37, 12), (38, 13), (39, 14), (40, 15), (41, 16),
(42, 17), (43, 18), (44, 19), (45, 20), (46, 1);
